{
  "media": [
    {
      "id": 1,
      "title": "Harry Potter e la Pietra Filosofale",
      "tracksNumber": 4,
      "cover": "https://github.com/AleSerafini/myFiles/blob/master/library/media/1/cover.jpg",
      "tracks": [
        {
          "id": 1,
          "title": "Prologue",
          "iap": true
        },
        {
          "id": 2,
          "title": "Harry's Wondrous World",
          "iap": false
        },
        {
          "id": 3,
          "title": "The Arrival of Baby Harry",
          "iap": false
        },
        {
          "id": 4,
          "title": "Visit to the Zoo and Letters from Hogwarts",
          "iap": false
        }
      ]
    },
    {
      "id": 2,
      "title": "Harry Potter e la Camera dei Segreti",
      "tracksNumber": 3,
      "cover": "https://github.com/AleSerafini/myFiles/blob/master/library/media/2/cover.jpg",
      "tracks": [
        {
          "id": 5,
          "title": "The Chamber Of Secrets",
          "iap": false
        },
        {
          "id": 6,
          "title": "Gilderoy Lockhart",
          "iap": true
        },
        {
          "id": 7,
          "title": "The Flying Car",
          "iap": false
        }
      ]
    }
  ]
}